11101,AESA,SANTO DOMINGO
10305,AGUA DULCE,SANTO DOMINGO
10902,ALAMEDA,SANTO DOMINGO
11506,ALMA ROSA II,SANTO DOMINGO
11509,ALPES I,SANTO DOMINGO
10605,ALTOS DE ARROYO HONDO I,SANTO DOMINGO
10506,ALTOS DE ARROYO HONDO II,SANTO DOMINGO
10605,ALTOS DE ARROYO HONDO III,SANTO DOMINGO
11519,ALTOS DE CANCINO,SANTO DOMINGO
11402,ALTOS DE CHAVON,SANTO DOMINGO
11404,ALTOS DE SABANA PERDIDA,SANTO DOMINGO
10804,ALTOS DEL OESTE,SANTO DOMINGO
11302,ALTOS DEL PARQUE,SANTO DOMINGO
11804,AMARILIS III,SANTO DOMINGO
11801,ANA VIRGINIA,SANTO DOMINGO
10118,ANTILLAS,SANTO DOMINGO
10121,ARBOLEDA NACO,SANTO DOMINGO
11705,ARISMAR,SANTO DOMINGO
10505,ARROYO MANZANO,SANTO DOMINGO
10115,ATALA,SANTO DOMINGO
11101,ATLANTIDA,SANTO DOMINGO
11805,BARRIO KENNEDY,SANTO DOMINGO
10902,BARRIO ANTILLANO,SANTO DOMINGO
10805,BARRIO ARENOSO,SANTO DOMINGO
11803,BARRIO BRISA DE CHARLES,SANTO DOMINGO
10801,BARRIO CHAVON,SANTO DOMINGO
11002,BARRIO ENRIQUILLO,SANTO DOMINGO
10802,BARRIO GRAN PODER DE DIOS,SANTO DOMINGO
11302,BARRIO HERMANAS MIRABAL,SANTO DOMINGO
11002,BARRIO HOLGUIN,SANTO DOMINGO
11101,BARRIO INVI,SANTO DOMINGO
11005,BARRIO JOSUE,SANTO DOMINGO
10801,BARRIO LA ESPERANZA,SANTO DOMINGO
10801,BARRIO LA FE,SANTO DOMINGO
10802,BARRIO LA PIÑA,SANTO DOMINGO
10801,BARRIO LA TORRE,SANTO DOMINGO
10801,BARRIO LA UNION,SANTO DOMINGO
10802,BARRIOLANDIA,SANTO DOMINGO
10803,BARRIO LAS MERCEDES,SANTO DOMINGO
11005,BARRIO LIBERTADOR,SANTO DOMINGO
11301,BARRIO NORTE,SANTO DOMINGO
11203,BARRIO NUEVO,SANTO DOMINGO
11302,BARRIO NUEVO,SANTO DOMINGO
11402,BARRIO NUEVO,SANTO DOMINGO
10515,BARRIO OBRERO,SANTO DOMINGO
11115,BARRIO PARAISO,SANTO DOMINGO
11809,BARRIO PARAISO,SANTO DOMINGO
10802,BARRIO PARAISO,SANTO DOMINGO
10805,BARRIO PROGRESO,SANTO DOMINGO
10902,BATEY BIENVENIDO,SANTO DOMINGO
11808,BATEY LA BALSA,SANTO DOMINGO
10701,BATEY PALMAREJO,SANTO DOMINGO
11808,BATEY PIRAGUA,SANTO DOMINGO
10903,BAYONA,SANTO DOMINGO
10902,BELLA COLINA,SANTO DOMINGO
10112,BELLA VISTA,SANTO DOMINGO
10111,BELLA VISTA,SANTO DOMINGO
11509,BELLO CAMPO,SANTO DOMINGO
10213,BOROJOL,SANTO DOMINGO
11803,BRISA DEL EDEN,SANTO DOMINGO
11805,BUENAVENTURA II,SANTO DOMINGO
10505,BUENAVISTA,SANTO DOMINGO
10902,BUENAS NOCHES,SANTO DOMINGO
11102,BUENOS AIRES DEL,SANTO DOMINGO
11513,CABIRMA DEL ESTE I,SANTO DOMINGO
11809,CABIRMA DEL ESTE II,SANTO DOMINGO
10514,CACHIMAN,SANTO DOMINGO
11601,CALERO,SANTO DOMINGO
11207,CAMPECHITO II,SANTO DOMINGO
11516,CANCINO,SANTO DOMINGO
11517,CANCINO ADENTRO,SANTO DOMINGO
11512,CANCINO I,SANTO DOMINGO
11512,CANCINO II,SANTO DOMINGO
10407,CAPOTILLO,SANTO DOMINGO
11202,CARLOS ALVAREZ,SANTO DOMINGO
10128,CARMELITA,SANTO DOMINGO
10509,CARMEN AMELIA,SANTO DOMINGO
11510,CAROLINA,SANTO DOMINGO
10133,CASTELLANA,SANTO DOMINGO
10101,CENTRO DE LOS HEROES,SANTO DOMINGO
10122,CENTRO OLIMPICO,SANTO DOMINGO
10504,CERROS DE ARROYO,SANTO DOMINGO
10605,CERROS DE ARROYO HONDO III,SANTO DOMINGO
11206,CERROS DE BUENA VISTA I,SANTO DOMINGO
11206,CERROS DE BUENA VISTA II,SANTO DOMINGO
11402,CERROS DE LA YUCA,SANTO DOMINGO
10805,CERROS DE PALMAREJO,SANTO DOMINGO
11404,CERROS DE SABANA PERDIDA,SANTO DOMINGO
11904,CERROS DEL OZAMA,SANTO DOMINGO
11206,CEUTA,SANTO DOMINGO
10905,CIUDAD AGRARIA,SANTO DOMINGO
10805,CIUDAD CODIANA,SANTO DOMINGO
11802,CIUDAD DE LOS TRABAJADORES,SANTO DOMINGO
11806,CIUDAD DEL ALMIRANTE I,SANTO DOMINGO
11806,CIUDAD DEL ALMIRANTE II,SANTO DOMINGO
10116,CIUDAD GANADERA,SANTO DOMINGO
10135,CIUDAD MODERNA,SANTO DOMINGO
10208,CIUDAD NUEVA,SANTO DOMINGO
10105,CIUDAD UNIVERSITARIA,SANTO DOMINGO
10507,COLINAS DE ARROYO HONDO,SANTO DOMINGO
11115,COLINAS DE CANAAN,SANTO DOMINGO
11517,COLINAS DEL ESTE,SANTO DOMINGO
10701,COLINAS DEL NORTE,SANTO DOMINGO
11404,COLINAS DEL OZAMA,SANTO DOMINGO
10606,COLINAS DEL SEMINARIO,SANTO DOMINGO
11203,COLONIA DE LOS DOCTORES,SANTO DOMINGO
10601,CONSTELACION,SANTO DOMINGO
11704,CORALES DEL SUR,SANTO DOMINGO
11117,COSTA AZUL,SANTO DOMINGO
10118,COSTA BRAVA,SANTO DOMINGO
11102,COSTA CARIBE,SANTO DOMINGO
11117,COSTA VERDE,SANTO DOMINGO
10501,CRISTO REY,SANTO DOMINGO
11207,CRUZ GRANDE,SANTO DOMINGO
10505,CUESTA BRAVA,SANTO DOMINGO
10507,CUESTA HERMOSA,SANTO DOMINGO
10504,CUESTA HERMOSA III,SANTO DOMINGO
10304,DOMINGO SAVIO,SANTO DOMINGO
11105,DOMINICANOS AUSENTES,SANTO DOMINGO
10201,DON BOSCO,SANTO DOMINGO
10202,DON BOSCO,SANTO DOMINGO
10607,DON HONORIO,SANTO DOMINGO
11003,DUARTE,SANTO DOMINGO
11512,DUARTE,SANTO DOMINGO
10904,EL ABANICO DE HERRERA,SANTO DOMINGO
11510,EL BRISAL,SANTO DOMINGO
11515,EL CACHON,SANTO DOMINGO
11517,EL CACHON DE LA RUBIA,SANTO DOMINGO
10118,EL CACIQUE,SANTO DOMINGO
11115,EL CAFE,SANTO DOMINGO
10501,EL CALICHE,SANTO DOMINGO
10901,EL CALICHE,SANTO DOMINGO
10804,EL CATORCE,SANTO DOMINGO
10804,EL 14,SANTO DOMINGO
10803,EL CHUCHO,SANTO DOMINGO
10607,EL CONDADO,SANTO DOMINGO
11207,EL EDEN,SANTO DOMINGO
10110,EL EMBAJADOR,SANTO DOMINGO
10411,EL ENSANCHITO,SANTO DOMINGO
11204,EL FUNDO,SANTO DOMINGO
11401,EL MAJAGUAL,SANTO DOMINGO
11201,EL MAMEY,SANTO DOMINGO
10108,EL MANGUITO,SANTO DOMINGO
10149,EL MILLON,SANTO DOMINGO
11402,EL MILLONCITO,SANTO DOMINGO
10904,EL PALMAR,SANTO DOMINGO
11107,EL PEDREGAL,SANTO DOMINGO
10508,EL PINO,SANTO DOMINGO
10115,EL PORTAL,SANTO DOMINGO
11506,EL ROSAL,SANTO DOMINGO
11809,EL TAMARINDO,SANTO DOMINGO
10801,EL TAMARINDO,SANTO DOMINGO
11205,EL TORITO,SANTO DOMINGO
10107,EL VERGEL,SANTO DOMINGO
10135,ENCARNACION,SANTO DOMINGO
10904,ENGOMBE,SANTO DOMINGO
11405,ENRIQUILLO,SANTO DOMINGO
11504,ENS ALMA ROSA LADO ESTE,SANTO DOMINGO
11503,ENS ALMA ROSA LADO OESTE,SANTO DOMINGO
10904,ENS IVAN GUZMAN KLAN,SANTO DOMINGO
10513,ENS KENNEDY,SANTO DOMINGO
10514,ENS LA FE,SANTO DOMINGO
11005,ENS PARAISO,SANTO DOMINGO
11114,ENS ALTAGRACIA,SANTO DOMINGO
11404,ENS CRISTAL,SANTO DOMINGO
10402,ENS ESPAILLAT,SANTO DOMINGO
10206,ENSANCHE INDEPENDENCIA,SANTO DOMINGO
10117,ENS LA PAZ,SANTO DOMINGO
10209,ENS LUGO,SANTO DOMINGO
10401,ENS LUPERON,SANTO DOMINGO
10406,ENS LUPERON,SANTO DOMINGO
11501,ENS OZAMA,SANTO DOMINGO
11202,ENS PARAISO,SANTO DOMINGO
10145,ENS QUISQUEYA,SANTO DOMINGO
10146,ENS QUISQUEYA,SANTO DOMINGO
10107,ESPERILLA,SANTO DOMINGO
10108,ESPERILLA,SANTO DOMINGO
10143,ESTELA MARINA LOS MILLONES,SANTO DOMINGO
11802,EUGENIO M DE HOSTOS,SANTO DOMINGO
10147,EVARISTO MORALES,SANTO DOMINGO
11604,FARO A COLON,SANTO DOMINGO
11902,FELICIDAD,SANTO DOMINGO
11904,FRANCISCO DEL,SANTO DOMINGO
11508,FRANCONIA,SANTO DOMINGO
10505,FUNDACION,SANTO DOMINGO
11102,GACELA,SANTO DOMINGO
11004,GALAXIA,SANTO DOMINGO
10205,GAZCUE,SANTO DOMINGO
10205,GAZCUE PLAZA DE LA CULTURA,SANTO DOMINGO
10302,GUACHUPITA,SANTO DOMINGO
10403,GUALEY,SANTO DOMINGO
11301,GUARICANOS,SANTO DOMINGO
11807,HAINAMOSA,SANTO DOMINGO
11509,HAMARAP,SANTO DOMINGO
11201,HARAS NACIONALES,SANTO DOMINGO
10902,HATO NUEVO,SANTO DOMINGO
11005,HERRERA,SANTO DOMINGO
10117,HONDURAS,SANTO DOMINGO
10801,INVI,SANTO DOMINGO
11807,INVI CEA,SANTO DOMINGO
11807,INVIMOSA,SANTO DOMINGO
11802,INVIVIENDA,SANTO DOMINGO
11509,ISABEL,SANTO DOMINGO
10504,ISABEL VILLAS,SANTO DOMINGO
11801,INVFAPOL,SANTO DOMINGO
11506,IVETTE,SANTO DOMINGO
11302,JACAGUA,SANTO DOMINGO
11503,JARDINES DE ALMA ROSA,SANTO DOMINGO
11201,JARDINES DE GENOVENA,SANTO DOMINGO
11105,JARDINES DEL SUR,SANTO DOMINGO
11003,JUAN PABLO DUARTE,SANTO DOMINGO
10130,JULIETA MORALES,SANTO DOMINGO
11903,KATANGA,SANTO DOMINGO
11105,KM 7,SANTO DOMINGO
11103,KM 8,SANTO DOMINGO
10516,LA AGUSTINA,SANTO DOMINGO
10509,LA AGUSTINITA,SANTO DOMINGO
10508,LA ALDABA,SANTO DOMINGO
11207,LA ANTENA,SANTO DOMINGO
11404,LA BARQUITA,SANTO DOMINGO
10410,LA CARIDAD,SANTO DOMINGO
10607,LA CEIBA,SANTO DOMINGO
10516,LA CEMENTERA,SANTO DOMINGO
10303,LA CIENAGA,SANTO DOMINGO
10804,LA CIENAGA,SANTO DOMINGO
10802,LA COMPUERTA,SANTO DOMINGO
10804,LA CONCORDIA,SANTO DOMINGO
10502,LA CUARENTA,SANTO DOMINGO
10604,LA ESPERANZA,SANTO DOMINGO
11508,LA ESPERANZA,SANTO DOMINGO
10511,LA FE,SANTO DOMINGO
10512,LA FE,SANTO DOMINGO
11602,LA FRANCIA,SANTO DOMINGO
10302,LA FUENTE,SANTO DOMINGO
10503,LA ISABELA,SANTO DOMINGO
10701,LA ISABELA,SANTO DOMINGO
11207,LA JAVILLA,SANTO DOMINGO
11207,LA JULIA,SANTO DOMINGO
10505,LA MESETA,SANTO DOMINGO
11901,LA MILAGROSA,SANTO DOMINGO
11402,LA MINA,SANTO DOMINGO
10802,LA PINITA,SANTO DOMINGO
11117,LA PLACETA,SANTO DOMINGO
10207,LA PRIMAVERA,SANTO DOMINGO
10507,LA PUYA,SANTO DOMINGO
10701,LA REDENCION,SANTO DOMINGO
11004,LA ROSA,SANTO DOMINGO
10902,LA VENTA,SANTO DOMINGO
10120,LA YUCA,SANTO DOMINGO
10120,LA YUCA,SANTO DOMINGO
10408,LA ZURZA,SANTO DOMINGO
10516,LANINA GAUTIER,SANTO DOMINGO
11104,LAS ACACIAS,SANTO DOMINGO
11606,LAS AMERICAS,SANTO DOMINGO
10905,LAS CAOBAS,SANTO DOMINGO
10905,LAS CAPBOTAS,SANTO DOMINGO
10608,LAS COLINAS,SANTO DOMINGO
10805,LAS CRORIAS,SANTO DOMINGO
11906,LAS ENFERMERAS,SANTO DOMINGO
10502,LAS FLORES,SANTO DOMINGO
11904,AS FRUTAS,SANTO DOMINGO
11003,LAS PALMAS,SANTO DOMINGO
11511,LAS PALMAS,SANTO DOMINGO
11302,LAS PALMERAS,SANTO DOMINGO
10603,LAS VILLAS,SANTO DOMINGO
10801,LEBRON,SANTO DOMINGO
11403,LIBERTAD,SANTO DOMINGO
10507,LOMAS DE ARROYO HONDO,SANTO DOMINGO
10125,LOPE DE VEGA,SANTO DOMINGO
11905,LOS 3 BRAZOS,SANTO DOMINGO
10801,LOS ALCARRIZOS,SANTO DOMINGO
10802,LOS ALCARRIZOS,SANTO DOMINGO
10802,LOS AMERICANOS,SANTO DOMINGO
10702,LOS ANGELES,SANTO DOMINGO
10118,LOS ARRECIFES,SANTO DOMINGO
10507,LOS ARROYOS,SANTO DOMINGO
11108,LOS CACICAZGOS,SANTO DOMINGO
10510,LOS CAMINOS,SANTO DOMINGO
11302,LOS CASABES,SANTO DOMINGO
11204,LOS CONUCOS,SANTO DOMINGO
11405,LOS COORDINADORES,SANTO DOMINGO
11705,LOS FRAILES,SANTO DOMINGO
11706,LOS FRAILES I,SANTO DOMINGO
10702,LOS GIRASOLES,SANTO DOMINGO
10304,LOS GUANDULES,SANTO DOMINGO
10607,LOS GUAYABOS,SANTO DOMINGO
10602,LOS JARDINES DEL NORTE,SANTO DOMINGO
10802,LOS LIBERTADORES,SANTO DOMINGO
11110,LOS MAESTROS,SANTO DOMINGO
10139,LOS MILLONES,SANTO DOMINGO
10140,LOS MILLONES,SANTO DOMINGO
10141,LOS MILLONES,SANTO DOMINGO
10142,LOS MILLONES,SANTO DOMINGO
10144,LOS MILLONES,SANTO DOMINGO
11903,LOS MINA NORTE,SANTO DOMINGO
11901,LOS MINA SUR,SANTO DOMINGO
11906,LOS MINA VIEJO,SANTO DOMINGO
11603,LOS MOLINOS,SANTO DOMINGO
11801,LOS MOLINOS,SANTO DOMINGO
11403,LOS PALMARES,SANTO DOMINGO
10702,LOS PERALEJOS,SANTO DOMINGO
10508,LOS PINOS,SANTO DOMINGO
10608,LOS PINOS,SANTO DOMINGO
11807,LOS PINOS,SANTO DOMINGO
10130,LOS PRADITOS,SANTO DOMINGO
10131,LOS PRADOS,SANTO DOMINGO
10132,LOS PRADOS,SANTO DOMINGO
10601,LOS PROCERES,SANTO DOMINGO
10137,LOS RESTAURADORES,SANTO DOMINGO
11805,LOS RESTAURADORES,SANTO DOMINGO
10604,LOS RIOS,SANTO DOMINGO
10106,LOS ROBLES,SANTO DOMINGO
11809,LOS ROSALES,SANTO DOMINGO
11605,LOS TRES OJOS,SANTO DOMINGO
11512,LOS TRINITARIOS,SANTO DOMINGO
11801,LOS TRINITARIOS II,SANTO DOMINGO
11405,LOTERIA,SANTO DOMINGO
11508,LOTERIA,SANTO DOMINGO
11106,LOTERIA,SANTO DOMINGO
11401,LOTES Y SERVICIOS,SANTO DOMINGO
11707,LOTIFICACION DEL ESTE,SANTO DOMINGO
10904,LOTIFICACION ENGOMBE,SANTO DOMINGO
10701,LOTIFICACION VISTA VERDE,SANTO DOMINGO
11516,LUCERNA,SANTO DOMINGO
11107,LUZ CONSUELO,SANTO DOMINGO
11004,LUZ DIVINA,SANTO DOMINGO
11512,MANDINGA,SANTO DOMINGO
10138,MANGANAGUA,SANTO DOMINGO
10902,MANOGUAYABO,SANTO DOMINGO
11117,MANRESA,SANTO DOMINGO
10505,MANZANO,SANTO DOMINGO
11604,MAQUITERIA,SANTO DOMINGO
11104,MAR AZUL,SANTO DOMINGO
11201,MARANON,SANTO DOMINGO
11202,MARANON II,SANTO DOMINGO
11705,MARBELLA III,SANTO DOMINGO
10302,MARIA AUXILIADORA,SANTO DOMINGO
10305,MARIA AUXILIADORA,SANTO DOMINGO
11203,MARIA ISABELA,SANTO DOMINGO
10102,MATA HAMBRE,SANTO DOMINGO
11202,MATA LOS INDIOS,SANTO DOMINGO
10301,MEJORAMIENTO SOCIAL,SANTO DOMINGO
10306,MEJORAMIENTO SOCIAL,SANTO DOMINGO
11510,MENDOZA,SANTO DOMINGO
11510,MI HOGAR,SANTO DOMINGO
11509,MI SUENO,SANTO DOMINGO
11905,MIL FLORES,SANTO DOMINGO
11102,MIRADOR,SANTO DOMINGO
11708,MIRADOR ESTE,SANTO DOMINGO
10114,MIRADOR NORTE,SANTO DOMINGO
11109,MIRADOR SUR,SANTO DOMINGO
10203,MIRAFLORES,SANTO DOMINGO
11103,MIRAMAR,SANTO DOMINGO
11301,MODELO,SANTO DOMINGO
11502,MOLINUEVO,SANTO DOMINGO
10124,NACO,SANTO DOMINGO
10122,NACO,SANTO DOMINGO
10123,NACO,SANTO DOMINGO
10119,NACO,SANTO DOMINGO
11512,NARCISA,SANTO DOMINGO
11103,NORDESA III,SANTO DOMINGO
11301,NUEVA ISABELA,SANTO DOMINGO
11804,NUEVO AMANECER,SANTO DOMINGO
10805,NUEVO AMANECER,SANTO DOMINGO
10805,NUEVO HORIZONTE,SANTO DOMINGO
11807,NUEVO RENACER,SANTO DOMINGO
10801,OBRAS PUBLICAS,SANTO DOMINGO
10702,PALMA REAL,SANTO DOMINGO
10805,PALMAREJITO,SANTO DOMINGO
10701,PANTOJA,SANTO DOMINGO
10126,PARAISO,SANTO DOMINGO
10903,PARAISO DEL CARIBE,SANTO DOMINGO
11508,PARAISO ORIENTAL,SANTO DOMINGO
11603,PARQUE DEL ESTE I,SANTO DOMINGO
11807,PARQUE IND NUEVA ISABELA,SANTO DOMINGO
10503,PARQUE ISABELA,SANTO DOMINGO
11604,PARQUE MIRADOR ESTE,SANTO DOMINGO
10127,PIANTINI,SANTO DOMINGO
10148,PIANTINI,SANTO DOMINGO
10150,PIANTINI,SANTO DOMINGO
11901,PIDOCA,SANTO DOMINGO
10505,PISTA DE MOTOCROS LA YUCA,SANTO DOMINGO
11302,PONCE,SANTO DOMINGO
10608,PRADERA HERMOSA,SANTO DOMINGO
11515,PRADOS DEL CACHON,SANTO DOMINGO
11403,PROGRESO,SANTO DOMINGO
11302,PROYECTO BNV,SANTO DOMINGO
11301,PROYECTO CIUDAD,SANTO DOMINGO
10805,PUEBLO NUEVO,SANTO DOMINGO
11601,PUEBLO NUEVO,SANTO DOMINGO
11117,PUERTO DE HAINA,SANTO DOMINGO
11904,PUERTO RICO,SANTO DOMINGO
10805,PUERTO RICO,SANTO DOMINGO
11207,RADIANTE,SANTO DOMINGO
11507,RALMA,SANTO DOMINGO
11111,RENACIMIENTO,SANTO DOMINGO
11112,RENACIMIENTO,SANTO DOMINGO
11511,REP ALMA ROSA,SANTO DOMINGO
11802,REP VILLA CARMEN,SANTO DOMINGO
11201,REP VILLA MARIA,SANTO DOMINGO
10218,REPARTO AGUEDITA GAZCUE,SANTO DOMINGO
11706,REPARTO CARIBE,SANTO DOMINGO
10702,REPARTO MIGUELINA,SANTO DOMINGO
11207,REPARTO RUDIMA,SANTO DOMINGO
10702,REPARTO SAMARIA,SANTO DOMINGO
11518,RES AMAPOLA,SANTO DOMINGO
11803,RES CLARIMAR,SANTO DOMINGO
11510,RES DEL ESTE,SANTO DOMINGO
11517,RES DON OSCAR,SANTO DOMINGO
11202,RES EL DORADO,SANTO DOMINGO
11804,RES FERNANDEZ ORIENTAL,SANTO DOMINGO
11514,RES IDALIA A 1,SANTO DOMINGO
11513,RES LOMISA,SANTO DOMINGO
11804,RES MIRADOR DEL ESTE,SANTO DOMINGO
11402,RES NOELIA,SANTO DOMINGO
11509,RES ORIENTE,SANTO DOMINGO
11604,RES PARQUE DEL ESTE,SANTO DOMINGO
11114,RES SANTO DOMINGO,SANTO DOMINGO
11205,RES SOL DE LUZ,SANTO DOMINGO
11704,RES TERESA,SANTO DOMINGO
11106,RES ENRIQUILLO,SANTO DOMINGO
10902,RESIDENCIAL ALAMEDA,SANTO DOMINGO
10902,RESIDENCIAL ALMENDRA,SANTO DOMINGO
11116,RESIDENCIAL CANAAN,SANTO DOMINGO
11809,RESIDENCIAL DON OSCAR,SANTO DOMINGO
11102,RESIDENCIAL JOSE CONTRERAS,SANTO DOMINGO
10606,RESIDENCIAL LA YUCA,SANTO DOMINGO
10904,RESIDENCIAL LOYOLA,SANTO DOMINGO
10136,RESIDENCIAL ROSMIL,SANTO DOMINGO
10903,RIVERA DEL HAINA,SANTO DOMINGO
10115,ROCAMAR,SANTO DOMINGO
10904,ROSA MARIA,SANTO DOMINGO
11904,ROSARIO SANCHEZ,SANTO DOMINGO
11404,SABANA CENTRO,SANTO DOMINGO
11404,SABANA PERDIDA,SANTO DOMINGO
11808,SABANETA,SANTO DOMINGO
11405,SALOME URENA,SANTO DOMINGO
11902,SAN ANTONIO,SANTO DOMINGO
11706,SAN BARTOLO,SANTO DOMINGO
10216,SAN CARLOS,SANTO DOMINGO
10217,SAN CARLOS,SANTO DOMINGO
11004,SAN FRANCISCO,SANTO DOMINGO
10104,SAN GERONIMO,SANTO DOMINGO
10134,SAN GERONIMO,SANTO DOMINGO
11105,SAN JOSE,SANTO DOMINGO
11803,SAN JOSE DE MENDOZA,SANTO DOMINGO
10211,SAN LAZARO,SANTO DOMINGO
10302,SAN MARTIN DE PORRES,SANTO DOMINGO
10212,SAN MIGUEL,SANTO DOMINGO
10902,SAN MIGUEL,SANTO DOMINGO
11106,SAN MIGUEL,SANTO DOMINGO
11518,SAN PABLO II,SANTO DOMINGO
11603,SANS SOUCI,SANTO DOMINGO
11107,SANDRA,SANTO DOMINGO
11107,SANDRA I,SANTO DOMINGO
11205,SANTA CRUZ,SANTO DOMINGO
10502,SANTA ROSA,SANTO DOMINGO
10113,SARASOTA,SANTO DOMINGO
10803,SAVICA,SANTO DOMINGO
11507,SAVICA,SANTO DOMINGO
10405,SIMON BOLIVAR,SANTO DOMINGO
11602,SIMONICO,SANTO DOMINGO
11509,SOL NACIENTE,SANTO DOMINGO
11204,SURIEL,SANTO DOMINGO
11802,TRABAJADORES,SANTO DOMINGO
11704,TROPICAL DEL ESTE,SANTO DOMINGO
11105,TROPICANA,SANTO DOMINGO
10501,TRUEVA,SANTO DOMINGO
11508,URB AMANDA,SANTO DOMINGO
11807,URB ANA T BALAGUER,SANTO DOMINGO
10702,URB BRISA DEL NORTE,SANTO DOMINGO
11403,URB CHARLES DE GAULLE,SANTO DOMINGO
11202,URB EL REMANSO,SANTO DOMINGO
11004,URB EL ROSAL,SANTO DOMINGO
11506,URB ITALIA,SANTO DOMINGO
10901,URB LAS PALMAS,SANTO DOMINGO
10135,URB LAS PRADERAS,SANTO DOMINGO
11205,URB MAXIMO GOMEZ,SANTO DOMINGO
10901,URB OLIMPO,SANTO DOMINGO
11203,URB PRIMAVERA,SANTO DOMINGO
10505,URB PUERTA DE HIERRO,SANTO DOMINGO
11112,URB REAL,SANTO DOMINGO
10805,URB SAN RAFAEL,SANTO DOMINGO
11204,URB SANTA CRUZ,SANTO DOMINGO
11201,URB SARAH GABRIELA,SANTO DOMINGO
10129,URBANIZACION FERNANDEZ,SANTO DOMINGO
10803,URBANIZACION LAS MERCEDES,SANTO DOMINGO
10702,URBANIZACION PALMA REAL,SANTO DOMINGO
10802,VALLE ENCANTADO,SANTO DOMINGO
11201,VALLE VERDE,SANTO DOMINGO
10803,VARIA,SANTO DOMINGO
11508,VECINOS UNIDOS,SANTO DOMINGO
10510,VIEJO ARROYO HONDO,SANTO DOMINGO
11902,VIETNAM,SANTO DOMINGO
11707,VILLA ADELA,SANTO DOMINGO
10901,VILLA AURA,SANTO DOMINGO
11405,VILLA BLANCA,SANTO DOMINGO
11201,VILLA CARMELA,SANTO DOMINGO
11802,VILLA CARMEN,SANTO DOMINGO
10607,VILLA CLAUDINA,SANTO DOMINGO
10308,VILLA CONSUELO,SANTO DOMINGO
10309,VILLA CONSUELO,SANTO DOMINGO
11602,VILLA DUARTE,SANTO DOMINGO
10608,VILLA ELENA,SANTO DOMINGO
11707,VILLA ELOISA,SANTO DOMINGO
11805,VILLA ESFUERZO,SANTO DOMINGO
11402,VILLA ESPERANZA,SANTO DOMINGO
11505,VILLA FARO,SANTO DOMINGO
10214,VILLA FRANCISCA,SANTO DOMINGO
10215,VILLA FRANCISCA,SANTO DOMINGO
10412,VILLA JUANA,SANTO DOMINGO
10413,VILLA JUANA,SANTO DOMINGO
10307,VILLA MARIA,SANTO DOMINGO
10608,VILLA MARINA,SANTO DOMINGO
11201,VILLA MELLA,SANTO DOMINGO
10903,VILLA NAZARET,SANTO DOMINGO
11201,VILLA NUEVA,SANTO DOMINGO
11606,VILLA OLIMPICA,SANTO DOMINGO
10902,VILLA PERAVIA,SANTO DOMINGO
10802,VILLA SAN FELIPE,SANTO DOMINGO
11201,VILLA SATELITE,SANTO DOMINGO
10409,VILLAS AGRICOLAS,SANTO DOMINGO
10410,VILLAS AGRICOLAS,SANTO DOMINGO
11116,VILLAS DEL CAFE,SANTO DOMINGO
10804,VILLAS NACO,SANTO DOMINGO
11201,VISTA BELLA,SANTO DOMINGO
11517,VISTA HERMOSA,SANTO DOMINGO
10502,YAQUITO,SANTO DOMINGO
10210,ZONA COLONIAL,SANTO DOMINGO
10802,ZONA FRANCA DE LOS ALCARRIZOS,SANTO DOMINGO
11806,ZONA FRANCA INDUSTRIAL DE HERRERA,SANTO DOMINGO
11206,ZONA INDUSTRIAL DE VILLA MELLA,SANTO DOMINGO
11113,ZONA INDUSTRIAL DE HERRERA,SANTO DOMINGO
11001,ZONA INDUSTRIAL DE HERRERA,SANTO DOMINGO
11205,ZONA INDUSTRIAL DE LA ISABELA,SANTO DOMINGO
10103,ZONA UNIVERSITARIA,SANTO DOMINGO
11116,12 DE HAINA,SANTO DOMINGO
11101,16 DE AGOSTO,SANTO DOMINGO
11404,2 DE ENERO,SANTO DOMINGO
10404,24 DE ABRIL,SANTO DOMINGO
10803,24 DE ABRIL,SANTO DOMINGO
10305,27 DE FEBRERO,SANTO DOMINGO
10116,30 DE MAYO,SANTO DOMINGO
21000,PROVINCIA SAN PEDRO DE MACORIS,ESTE
22000,PROVINCIA LA ROMANA,ESTE
23000,PROVINCIA LA ALTAGRACIA,ESTE
23000,HIGUEY,ESTE
24000,PROVINCIA EL SEIBO,ESTE
25000,PROVINCIA HATO MAYOR,ESTE
31000,PROVINCIA DUARTE,NORTE
32000,PROVINCIA SAMANA,NORTE
33000,PROVINCIA MARIA TRINIDAD SANCHEZ,NORTE
34000,PROVINCIA SALCEDO,NORTE
41000,PROVINCIA LA VEGA,CIBAO CENTRAL
42000,PROVINCIA MONSENOR NOUEL,CIBAO CENTRAL
43000,PROVINCIA SANCHEZ RAMIREZ,CIBAO CENTRAL
51000,PROVINCIA SANTIAGO,NORCENTRAL
56000,PROVINCIA ESPAILLAT,NORCENTRAL
56000,PROVINCIA MOCA,NORCENTRAL
57000,PROVINCIA PUERTO PLATA,NORCENTRAL
61000,PROVINCIA VALVERDE,NOROESTE
62000,PROVINCIA MONTE CRISTI,NOROESTE
63000,PROVINCIA DAJABON,NOROESTE
64000,PROVINCIA SANTIAGO RODRIGUEZ,NOROESTE
71000,PROVINCIA AZUA,DEL VALLE
72000,PROVINCIA SAN JUAN DE LA MAGUANA,DEL VALLE
73000,PROVINCIA ELIAS PINA,DEL VALLE
81000,PROVINCIA BARAHONA,ENRIQUILLO
82000,PROVINCIA BAHORUCO,ENRIQUILLO
83000,PROVINCIA INDEPENDENCIA,ENRIQUILLO
84000,PROVINCIA PEDERNALES,ENRIQUILLO
91000,PROVINCIA SAN CRISTOBAL,VALDESIA
92000,PROVINCIA MONTE PLATA,VALDESIA
93000,PROVINCIA SAN JOSE DE OCOA,VALDESIA
94000,PROVINCIA PERAVIA,VALDESIA
10100,DISTRITO NACIONAL,DISTRITO NACIONAL
11200,SANTO DOMINGO NORTE,SANTO DOMINGO
11500,SANTO DOMINGO ESTE,SANTO DOMINGO
10700,SANTO DOMINGO OESTE,SANTO DOMINGO
21000,SAN PEDRO DE MACORIS,SAN PEDRO DE MACORIS
21001,BOCA DEL SOCO,SAN PEDRO DE MACORIS
21002,GUAYACANES,SAN PEDRO DE MACORIS
21003,LA PUNTA,SAN PEDRO DE MACORIS
21004,JUAN DOLIO,SAN PEDRO DE MACORIS
21100,SAN JOSE DE LOS LLANOS,SAN PEDRO DE MACORIS
21101,CAYACOA,SAN PEDRO DE MACORIS
21102,EL GUAYABAL,SAN PEDRO DE MACORIS
21103,LOS JIBAROS,SAN PEDRO DE MACORIS
21104,LOS MONTONES,SAN PEDRO DE MACORIS
21105,SAN GERONIMO,SANTO DOMINGO
21201,AJAGUAL,SAN PEDRO DE MACORIS
21202,LOS LORENES ,SAN PEDRO DE MACORIS
21203,MAGARIN,SAN PEDRO DE MACORIS
21301,ALEJANDRO BASS,SAN PEDRO DE MACORIS
21302,LAS CALLAS,SAN PEDRO DE MACORIS
21401,PAJARITO,SAN PEDRO DE MACORIS
21402,LOS MONTONES,SAN PEDRO DE MACORIS
21403,ZORRA BUENA,SAN PEDRO DE MACORIS
21404,CAONABO BATEY SIRIA,SAN PEDRO DE MACORIS
21405,MALULANI,SAN PEDRO DE MACORIS
21406,GAUTIER DM,SAN PEDRO DE MACORIS
22001,ALETON,LA ROMANA
22002,GUAYMATE,LA ROMANA
22003,ISLA SAONA,LA ROMANA
22004,ALTOS DE CHAVON,LA ROMANA
22101,SABANA,LA ROMANA
22201,10 DE CUMAYASA DM,LA ROMANA
23001,BEJUCAL,LA ALTAGRACIA HIGUEY
23002,SANTANA,LA ALTAGRACIA HIGUEY
23003,EL SALADO,LA ALTAGRACIA HIGUEY
23004,JIMA JARAGUA,LA ALTAGRACIA HIGUEY
23005,LOS RIOS,SANTO DOMINGO
23006,MATA CHALUPA,LA ALTAGRACIA HIGUEY
23101,BAYAHIBE DM,LA ALTAGRACIA HIGUEY
23102,BOCA DE YUMA,LA ALTAGRACIA HIGUEY
23103,GATO,LA ALTAGRACIA HIGUEY
23104,LA PINITA, SANTO DOMINGO
23105,BOCA DE YUMA DM,LA ALTAGRACIA HIGUEY
23201,CANADA HONDA,LA ALTAGRACIA HIGUEY
23202,EL BARRERO,LA ALTAGRACIA HIGUEY
23203,LAS GUAMAS,LA ALTAGRACIA HIGUEY
23204,OTRA BANDA DM,LA ALTAGRACIA HIGUEY
23205,EL BONAO,LA ALTAGRACIA HIGUEY
23206,DUYEY,LA ALTAGRACIA HIGUEY
23207,CRUZ DEL ISLENO,LA ALTAGRACIA HIGUEY
23301,BAVARO,LA ALTAGRACIA HIGUEY
23302,PUNTA CANA,LA ALTAGRACIA HIGUEY
24001,ARROYO GRANDE ,EL SEYBO
24002,CAMPINA,EL SEYBO
24003,CANDELARIA,EL SEYBO
24004,LAS CUCHILLAS,EL SEYBO
24005,EL CUEY,EL SEYBO
24006,MAGARIN,SAN PEDRO DE MACORIS
24007,MATA DE PALMA,EL SEYBO
24008,SAN FRANCISCO DM,EL SEYBO
24009,SANTA LUCIA DM,EL SEYBO
24010,VICENTILLO, EL SEYBO
24011,ANAMA,EL SEYBO
24012,LA GINA DMEL SEYBO
24101,EL JOVERO,EL SEYBO
24102,EL MORRO,EL SEYBO
24103,LAS LILAS,EL SEYBO
24104,ISABELITA,EL SEYBO
24105,PEDRO SANCHEZ DM,EL SEYBO
25001,DON LOPEZ,HATO MAYOR
25002,GUAYABO DULCE DM,HATO MAYOR
25003,MANCHADO,HATO MAYOR
25004,MATA PALACIO DM,HATO MAYOR
25101,EL CENTRO,HATO MAYOR
25201,ARENITA,HATO MAYOR
25202,RINCON FOGON,HATO MAYOR
25203,SAN RAFAEL,HATO MAYOR
25204,ELUPINA CORDERO,HATO MAYOR
25105,MAGUA,HATO MAYOR
25106,YERBA BUENA DM,HATO MAYOR
25107,LAS CLARAS,HATO MAYOR
25108,EL MAMON,HATO MAYOR
25109,LOS HATILLOS DM,HATO MAYOR
25110,ELUPINA CORDERO DE LAS CANITAS DM,HATO MAYOR
25111,LA PINA DE JOYA DM,HATO MAYOR
31001,COLON,DUARTE SAN FRANCISCO DE MACORIS
31002,LA CRUZ DE CENOVI DM,DUARTE SAN FRANCISCO DE MACORIS
31003,GUIZA, DUARTE SAN FRANCISCO DE MACORIS
31004,JAYA, DUARTE SAN FRANCISCO DE MACORIS
31005,LOS BEJUCOS,DUARTE SAN FRANCISCO DE MACORIS
31006,LAS GUAZUMAS,DUARTE SAN FRANCISCO DE MACORIS
31007,LA MALENA,DUARTE SAN FRANCISCO DE MACORIS
31101,EL AGUACATE DM,DUARTE SAN FRANCISCO DE MACORIS
31102,LAS COLES DM,DUARTE SAN FRANCISCO DE MACORIS
31103,LAS CARRERAS,DUARTE SAN FRANCISCO DE MACORIS
31104,LA JAGUA,DUARTE SAN FRANCISCO DE MACORIS
31105,AGUA SANTA DEL YUNA DM,DUARTE SAN FRANCISCO DE MACORIS
31106,BARRANQUITO DM,DUARTE SAN FRANCISCO DE MACORIS
31107,CRISTO REY DE GUARAGUAO DM,DUARTE SAN FRANCISCO DE MACORIS
31108,BARRAQUITO,DUARTE SAN FRANCISCO DE MACORIS
31109,GUARAGUAO,DUARTE SAN FRANCISCO DE MACORIS
31110,LOS PEYNADO,DUARTE SAN FRANCISCO DE MACORIS
31111,LOS AGUAYOS DM,DUARTE SAN FRANCISCO DE MACORIS
31201,GINA CLARA,DUARTE SAN FRANCISCO DE MACORIS
31202,JUAN DIAZ,DUARTE SAN FRANCISCO DE MACORIS
31203,LOS CACHONES,DUARTE SAN FRANCISCO DE MACORIS
31204,LOS LLANOS,DUARTE SAN FRANCISCO DE MACORIS
31205,RINCON HONDO,DUARTE SAN FRANCISCO DE MACORIS
31206,LAS TARANAS DM,DUARTE SAN FRANCISCO DE MACORIS
31207,YAIBA ABAJO,DUARTE SAN FRANCISCO DE MACORIS
31301,ACICATE,DUARTE SAN FRANCISCO DE MACORIS
31302,CERREJON,DUARTE SAN FRANCISCO DE MACORIS
31303,SABANA GRANDE DM,DUARTE SAN FRANCISCO DE MACORIS
31401,BUENA VISTA,DUARTE SAN FRANCISCO DE MACORIS
31402,CAOBETE,DUARTE SAN FRANCISCO DE MACORIS
31403,CUABA ABAJO,DUARTE SAN FRANCISCO DE MACORIS
31404,SAN FELIPE ARRIBA,DUARTE SAN FRANCISCO DE MACORIS
31501,CEIBA DE LOS PAJAROS,DUARTE SAN FRANCISCO DE MACORIS
31502,CHIRINGO,DUARTE SAN FRANCISCO DE MACORIS
31503,LAS TARANAS,DUARTE SAN FRANCISCO DE MACORIS
31504,YEIBA,DUARTE SAN FRANCISCO DE MACORIS
31601,LA ENEA,DUARTE SAN FRANCISCO DE MACORIS
31602,EL HATO,DUARTE SAN FRANCISCO DE MACORIS
31603,RINCON DE LOS GENAOS,DUARTE SAN FRANCISCO DE MACORIS
31604,LOS RIVERAS,DUARTE SAN FRANCISCO DE MACORIS
31701,CALLEJON DE TILO,DUARTE SAN FRANCISCO DE MACORIS
31702,PARAGUAY,DUARTE SAN FRANCISCO DE MACORIS
31703,LA REFORMA,DUARTE SAN FRANCISCO DE MACORIS
31801,LA BAJADA,DUARTE SAN FRANCISCO DE MACORIS
31802,MAJAGUAL,DUARTE SAN FRANCISCO DE MACORIS
31803,DICHOSO,DUARTE SAN FRANCISCO DE MACORIS
31804,LAGUNA DE COTO,DUARTE SAN FRANCISCO DE MACORIS
31805,LA MESA,DUARTE SAN FRANCISCO DE MACORIS
31806,PATAO,DUARTE SAN FRANCISCO DE MACORIS
31807,LA PENA,DUARTE SAN FRANCISCO DE MACORIS
31808,PONTON,DUARTE SAN FRANCISCO DE MACORIS
31809,RAMONAL,DUARTE SAN FRANCISCO DE MACORIS
32001,ACOSTA,SAMANA
32002,ARROYO BARRIL DM,SAMANA
32003,LAS GARELAS DM,SAMANA
32004,LOS CACAOS,SAMANA
32005,HONDURAS,SANTO DOMINGO
32006,JUANA VICENTA,SAMANA
32007,EL LIMON DM,SAMANA
32008,LAS PACUALAS,SAMANA
32101,LA MAJAGUA,SAMANA
32102,LAS GARITAS,SAMANA
32103,AGUA SANTA DAL YUMA,SAMANA
32104,MAJAGUAL,DUARTE
32201,EL JAIMITO,SAMANA
32202,EL COSON,SAMANA
32203,LA BARBACOA,SAMANA
32204,EL NARANJO,SAMANA
33001,LAS CARCOBAS,MARIA TRINIDAD SANCHEZ
33002,EL GUAYABO,MARIA TRINIDAD SANCHEZ
33003,LAS GORDAS,MARIA TRINIDAD SANCHEZ
33101,ABREU,MARIA TRINIDAD SANCHEZ
33102,ARROYO SALADO,MARIA TRINIDAD SANCHEZ
33103,LA ENTRADA,MARIA TRINIDAD SANCHEZ
33104,LA JAGUITA,MARIA TRINIDAD SANCHEZ
33201,EL POZO,MARIA TRINIDAD SANCHEZ
33202,EL PAPAGAYO,MARIA TRINIDAD SANCHEZ
33203,LOS PAJONES,MARIA TRINIDAD SANCHEZ
33204,EL TELANZA,MARIA TRINIDAD SANCHEZ
33205,LOS INDIOS,MARIA TRINIDAD SANCHEZ
33206,SAN JOS� DE MARANZA, MARIA TRINIDAD SANCHEZ
33207,PAYITA,MARIA TRINIDAD SANCHEZ
33301,CAJA DE JOBO,MARIA TRINIDAD SANCHEZ
33302,CRUCE DEL RINCON,MARIA TRINIDAD SANCHEZ
33303,LOS YAYALES,MARIA TRINIDAD SANCHEZ
33304,LA ENTRADA,MARIA TRINIDAD SANCHEZ
33305,ARROYO SALADO,MARIA TRINIDAD SANCHEZ
33306,LA GORDA,MARIA TRINIDAD SANCHEZ
33307,ARROYO AL MEDIO,MARIA TRINIDAD SANCHEZ
34000,SALCEDO,HERMANAS MIRABAL
34001,JAMAO ADENTRO,HERMANAS MIRABAL
34002,JAMAO AFUERA,HERMANAS MIRABAL
34003,LOA CACAOS,HERMANAS MIRABAL
34004,PALMARITO,HERMANAS MIRABAL
34101,BOBA ARRIBA,HERMANAS MIRABAL
34102,CANETE,HERMANAS MIRABAL
34103,LA GRAN PARADA,HERMANAS MIRABAL
34104,PASO HONDO,HERMANAS MIRABAL
34105,EL PLACER,HERMANAS MIRABAL
34201,LA CEIBA,SANTO DOMINGO
34202,LOS LIMONES,HERMANAS MIRABAL
34203,SAN JOSE,SANTO DOMINGO
34204,SANTA ANA,HERMANAS MIRABAL
34301,BLANCO ARRIBA,HERMANAS MIRABAL
41001,BACUI,LA VEGA
41002,BAYACANES,LA VEGA
41003,BURENDE,LA VEGA
41004,CABIRMOTA,LA VEGA
41005,EL CAFE,SANTO DOMINGO
41006,EL MAMEY,SANTO DOMINGO
41007,GUAREY,LA VEGA
41008,EL JAMO,LA VEGA
41009,LA PEDA,LA VEGA
41010,LAS CABUYAS,LA VEGA
41011,LAS CANAS,LA VEGA
41012,LICEY,LA VEGA
41013,PONTON,DUARTE
41014,SABANETA,SANTO DOMINGO
41015,TAVERA ABAJO,LA VEGA
41101,MALDONADO,LA VEGA
41102,PALERO,LA VEGA
41103,TIREO DM,LA VEGA
41104,LA ALTAGRACIA LA VEGA
41105,ARROYO FRIO,LA VEGA
41106,LA DESCUBIERTA,LA VEGA
41107,LAS PALOMAS,LA VEGA
41108,EL RIO,LA VEGA
41109,TIREO ABAJO,LA VEGA
41110,TIREO ARRIBA,LA VEGA
41111,LA SABINA DM,LA VEGA
41201,BUENA VISTA DM,LA VEGA
41202,HATO VIEJO,LA VEGA
41203,COROCITO,LA VEGA
41204,ESTANCIA,LA VEGA
41205,HATILLO,LA VEGA
41205,JUNUMUCU,LA VEGA
41206,LOS COROZOS,LA VEGA
41207,MANABAO,LA VEGA
41208,LOS DAJAOS,LA VEGA
41209,LA CIENEGA,LA VEGA
41210,PASO BAJITO,LA VEGA
41211,PEDREGAL,LA VEGA
41212,PIEDRA BLANCA,LA VEGA
41213,PINA QUEMADO,LA VEGA
41214,LOS FOROSOS,LA VEGA
41215,CABIRMA,LA VEGA
41216,RIO VERDE ARRIBA DM,LA VEGA
41217,ARROYO HONDO ARRIBA,LA VEGA
41218,EL MIRADOR,LA VEGA
41219,EL NARANJAL,LA VEGA
41220,PUEBLO VIEJO,LA VEGA
41221,RIO VREDE ABAJO,LA VEGA
41222,RIO VREDE ARRIBA,LA VEGA
41301,LA FRONTERA,LA VEGA
41302,JIMA ARRIBA,LA VEGA
41303,SAN BARTOLO,SANTO DOMINGO
41304,RINCON DM,LA VEGA
41305,LA CURBITA,LA VEGA
41306,JUNUMUCU,LA VEGA
42001,ARROYO TORO DM,MONSENOR NOUEL
42001,BARRIO PROSPERIDAD,MONSENOR NOUEL
42001,LA SALVIA,MONSENOR NOUEL
42001,URBANIZACION FALCOMBRIDGE,MONSENOR NOUEL
42001,URBANIZACION JACARANDA,MONSENOR NOUEL
42001,URBANIZACION LA SALVIA,MONSENOR NOUEL
42002,BEJUCAL,LA ALTAGRACIA
42002,BARRIO LA PRIVADA,MONSENOR NOUEL
42002,BARRIO LOS OLIMPICOS,MONSENOR NOUEL
42002,BARRIO LOS TRANSFORMADORES,MONSENOR NOUEL
42002,BARRIO SAN JOSE,MONSENOR NOUEL
42002,BARRIO SANTA ROSA,MONSENOR NOUEL
42002,ENSANCHE LIBERTAD,MONSENOR NOUEL
42002,MEJORAMIENTO SOCIAL,SANTO DOMINGO
42002,REPARTO QUISQUEYA,MONSENOR NOUEL
42002,REPARTO YUNA,MONSENOR NOUEL
42002,ZONA FRANCA DE BONAO,MONSENOR NOUEL
42003,BLANCO,MONSENOR NOUEL
42003,LA VILLA,MONSENOR NOUEL
42003,LAS DELICIAS,MONSENOR NOUEL
42003,URBANIZACION MIRIAM,MONSENOR NOUEL
42003,URBANIZACION SAN PABLO,MONSENOR NOUEL
42004,EL VERDE,MONSENOR NOUEL
42005,JAYACO DM,MONSENOR NOUEL
42006,JUMA BEJUCAL DM,MONSENOR NOUEL
42007,LA SALVIA,MONSENOR NOUEL
42008,MASIPEDRO,MONSENOR NOUEL
42009,SABANA DEL PUERTO DM,MONSENOR NOUEL
42101,HATO VIEJO,LA VEGA
42102,LOS MARTINEZ,MONSENOR NOUEL
42201,ARROYO VUELTA,MONSENOR NOUEL
42202,EL 77,MONSENOR NOUEL
42203,JUAN ADRIAN DM,MONSENOR NOUEL
42204,RINCON DE YUBOA,MONSENOR NOUEL
42205,VILLA SONADOR DM,MONSENOR NOUEL
43001,CABALLERO ABAJO,MONSENOR NOUEL
43002,CHACUEL MALDONADO,MONSENOR NOUEL
43003,HATILLO,LA VEGA
43004,LAS LAGUNAS,MONSENOR NOUEL
43005,LOS CERROS,MONSENOR NOUEL
43006,PLATANAL,MONSENOR NOUEL
43007,SABANA GRANDE ABAJO,MONSENOR NOUEL
43008,ZAMBRA ABAJO,MONSENOR NOUEL
43101,ABADESA,MONSENOR NOUEL
43102,BATERO,MONSENOR NOUEL
43201,SIERRA PRIETA,MONSENOR NOUEL
43202,ANGELINA DM,MONSENOR NOUEL
43301,LA CUEVA DM,MONSENOR NOUEL
43302,SABANA GRANDE,MONSENOR NOUEL
43401,ANGELINA,MONSENOR NOUEL
43402,LA VIJA DM,MONSENOR NOUEL
43403,LA CANA,MONSENOR NOUEL
43404,LAS COROZAS,MONSENOR NOUEL
43405,HERNANDO ALONZO,MONSENOR NOUEL
43406,PLATANAL DM,MONSENOR NOUEL
43407,QUITA SUENO DM,MONSENOR NOUEL
51001,AGUACATE DE JACAGUA,SANTIAGO DE LOS CABALLEROS
51002,CANABACOA,SANTIAGO DE LOS CABALLEROS
51003,EL INGENIO ABAJO,SANTIAGO DE LOS CABALLEROS
51004,EL PAPAYO,SANTIAGO DE LOS CABALLEROS
51005,EL RANCHITO,SANTIAGO DE LOS CABALLEROS
51006,ESTANCIA NUEVA,SANTIAGO DE LOS CABALLEROS
51007,GURABO ABAJO,SANTIAGO DE LOS CABALLEROS
51008,JAGAUA,SANTIAGO DE LOS CABALLEROS
51009,LA BUCARA,SANTIAGO DE LOS CABALLEROS
51010,LA CIENAGA,SANTO DOMINGO
51011,LA HERRADURA,SANTIAGO DE LOS CABALLEROS
51012,LA JAVILLA,SANTO DOMINGO
51013,LAS CHARCAS,SANTIAGO DE LOS CABALLEROS
51014,MATANZA,SANTIAGO DE LOS CABALLEROS
51015,MONTE ADENTRO ABAJO,SANTIAGO DE LOS CABALLEROS
51016,PALO MARRILLO,SANTIAGO DE LOS CABALLEROS
51017,PALO QUEMADO,SANTIAGO DE LOS CABALLEROS
51018,PONTEZUELA AL MEDIO,SANTIAGO DE LOS CABALLEROS
51019,PUNAL,SANTIAGO DE LOS CABALLEROS
51020,SAN FRANCISCO DE JACAGUA DM,SANTIAGO DE LOS CABALLEROS
51101,CUESTA ABAJO,SANTIAGO DE LOS CABALLEROS
51102,EUGENIO PERDOMO,SANTIAGO DE LOS CABALLEROS
51103,GUAMA,SANTIAGO DE LOS CABALLEROS
51104,INOA,SANTIAGO DE LOS CABALLEROS
51105,MATA GRANDE,SANTIAGO DE LOS CABALLEROS
51106,LOS MONTONES ABAJO,SANTIAGO DE LOS CABALLEROS
51107,PEDREGAL,LA VEGA
51108,LAS PIEDRAS,SANTIAGO DE LOS CABALLEROS
51109,LAS PLASETAS DM,SANTIAGO DE LOS CABALLEROS
51110,YERBA BUENA,SANTIAGO DE LOS CABALLEROS
51121,ARROYO HONDO,SANTIAGO DE LOS CABALLEROS
51201,CAGUEYES,SANTIAGO DE LOS CABALLEROS
51202,CEBU,SANTIAGO DE LOS CABALLEROS
51203,DICAYAGUA ABAJO,SANTIAGO DE LOS CABALLEROS
51204,LA GUAMA,SANTIAGO DE LOS CABALLEROS
51205,JAGUA ABAJO,SANTIAGO DE LOS CABALLEROS
51206,LOMA DEL CORRAL,SANTIAGO DE LOS CABALLEROS
51207,MESETAS,SANTIAGO DE LOS CABALLEROS
51208,PINALITO,SANTIAGO DE LOS CABALLEROS
51209,YAQUE ABAJO,SANTIAGO DE LOS CABALLEROS
51210,SABANA IGLESIA DM,SANTIAGO DE LOS CABALLEROS
51211,EL CAIMITO DM,SANTIAGO DE LOS CABALLEROS
51212,BAITOA DM,SANTIAGO DE LOS CABALLEROS
51301,CANADA BONITA,SANTIAGO DE LOS CABALLEROS
51302,ESTANCIA DEL YAQUE,SANTIAGO DE LOS CABALLEROS
51303,LA LOMOTA,SANTIAGO DE LOS CABALLEROS
51304,LA VILLA NUEVA,SANTIAGO DE LOS CABALLEROS
51305,MEJIA DE NAVARRETE,SANTIAGO DE LOS CABALLEROS
51306,PONTONCITO,SANTIAGO DE LOS CABALLEROS
51307,VUELTA LARGA,SANTIAGO DE LOS CABALLEROS
51401,LA CRUZ DE MARIA FRANCISCA,SANTIAGO DE LOS CABALLEROS
51402,LICEY ARRIBA,SANTIAGO DE LOS CABALLEROS
51403,LICEY ABAJO,SANTIAGO DE LOS CABALLEROS
51404,LAS PALOMAS,LA VEGA
51405,LA CRUZ DE IZALGUEZ,SANTIAGO DE LOS CABALLEROS
51501,BOCA DE MAIZAL,SANTIAGO DE LOS CABALLEROS
51502,CANCA LA PIEDRA,SANTIAGO DE LOS CABALLEROS
51503,CARLOS DIAZ,SANTIAGO DE LOS CABALLEROS
51504,GUAZUMAL ARRIBA,SANTIAGO DE LOS CABALLEROS
51505,LAS BOCAS DE LICEY,SANTIAGO DE LOS CABALLEROS
51506,LICEY AL MEDIO,SANTIAGO DE LOS CABALLEROS
51507,PONTEZUELA,SANTIAGO DE LOS CABALLEROS
51601,EL LIMON DM,SAMANA
51602,LAS LAVAS,SANTIAGO DE LOS CABALLEROS
51603,MACORIS DEL LIMON,SANTIAGO DE LOS CABALLEROS
51604,PALMAR ABAJO DM,SANTIAGO DE LOS CABALLEROS
51605,QUINIGUA,SANTIAGO DE LOS CABALLEROS
51701,LAS AUYAMAS,SANTIAGO DE LOS CABALLEROS
51801,SABANA IGLESIA,SANTIAGO DE LOS CABALLEROS
51802,LOS RANCHOS,SANTIAGO DE LOS CABALLEROS
51803,LAS ZANJAS,SANTIAGO DE LOS CABALLEROS
51901,BAITOA,SANTIAGO DE LOS CABALLEROS
51902,LOPEZ,SANTIAGO DE LOS CABALLEROS
51903,SAN JOSE ADENTRO,SANTIAGO DE LOS CABALLEROS
51904,SAN JOSE AFUERA,SANTIAGO DE LOS CABALLEROS
51101,HATILLO SAN LORENZO,SANTIAGO DE LOS CABALLEROS
51102,HATO DEL YAQUE DM,SANTIAGO DE LOS CABALLEROS
51103,SABANA GRANDE DE BATEY,SANTIAGO DE LOS CABALLEROS
51104,CANAFISTOL,SANTIAGO DE LOS CABALLEROS
51105,CELESTINA,SANTIAGO DE LOS CABALLEROS
51106,COROCITO,LA VEGA
51107,DIFERENCIA,SANTIAGO DE LOS CABALLEROS
51108,JICOME,SANTIAGO DE LOS CABALLEROS
51109,MAGUA,HATO MAYOR
51110,MANACLA,SANTIAGO DE LOS CABALLEROS
51111,MATA DEL DAJAO,SANTIAGO DE LOS CABALLEROS
51112,NARANJO BAJON,SANTIAGO DE LOS CABALLEROS
51113,EL RUBIO DM,SANTIAGO DE LOS CABALLEROS
51121,FRANCO BIDO,SANTIAGO DE LOS CABALLEROS
51122,JANEY,SANTIAGO DE LOS CABALLEROS
51123,JUNCALITO ABAJO,SANTIAGO DE LOS CABALLEROS
51124,Rincón Largo,Norte
51125,RINCON LLANO,SANTIAGO DE LOS CABALLEROS
56001,CANCA REINA,ESPAILLAT
56002,EL AGUACATE,ESPAILLAT
56003,EL AGARROBO,ESPAILLAT
56004,EL HIGUERO,ESPAILLAT
56005,LUAN LOPEZ ABAJO,ESPAILLAT
56006,LAS LAGUNAS ABAJO,ESPAILLAT
56007,LLENAS,ESPAILLAT
56008,MONTE DE LA JAGUA,ESPAILLAT
56009,PASO DE MOCA,ESPAILLAT
56010,SAN LUIS ,ESPAILLAT
56011,ZAFARRAYA,ESPAILLAT
56101,LA GUAMA DE GUANANAO,ESPAILLAT
56102,HATO VIEJO,LA VEGA
56201,BEJUCO BLANCO,ESPAILLAT
56202,EL JOBO,ESPAILLAT
56203,MAGANTE,ESPAILLAT
56204,OJO DE AGUA,ESPAILLAT
56205,VERAGUA ABAJO,ESPAILLAT
56301,CAMARONES,ESPAILLAT
56302,PALMA HERRERA,ESPAILLAT
56303,RANCHO DE LOS PLATANOS,ESPAILLAT
56401,JAMAO AL NORTE,ESPAILLAT
56402,JAMAO AL SUR,ESPAILLAT
56403,LOS BRAZOS,ESPAILLAT
56501,SAN VICTOR ABAJO,ESPAILLAT
56502,LOS AMACEYES ARRIBA,ESPAILLAT
56503,PUESTO GRANDE,ESPAILLAT
56504,LA CEIBA DE MADERA,ESPAILLAT
56601,EL HIGUERO,ESPAILLAT
56602,JAGUA CLARA,ESPAILLAT
56603,LA PIRAGUA,ESPAILLAT
57001,EL COPEY,PUERTO PLATA
57002,LOS MAMEYES,PUERTO PLATA
57003,MAIMON,PUERTO PLATA
57004,SABANA GRANDE,MONSENOR NOUEL
57005,TUBAGUA,PUERTO PLATA
57006,YASICA ABAJO,PUERTO PLATA
57007,EL TORO,PUERTO PLATA
57101,ESCALERA,PUERTO PLATA
57102,HIGUERO,PUERTO PLATA
57103,LOS LLANOS,DUARTE
57104,PALMAR GRANDE,PUERTO PLATA
57105,EL MAMEY,SANTO DOMINGO
57106,PESCADO BONO,PUERTO PLATA
57107,CANADA HONDA,LA ALTAGRACIA
57201,FUNDACION,SANTO DOMINGO
57202,LA ALTAGRACIA,LA VEGA
57203,LA CABIRMA,PUERTO PLATA
57204,HOYA GRANDE,PUERTO PLATA
57205,PARADERO,PUERTO PLATA
57206,RANCHO VIEJO,PUERTO PLATA
57301,CABIA,PUERTO PLATA
57302,CAONABO,PUERTO PLATA
57303,LAS CANAS,LA VEGA
57304,PEREZ,PUERTO PLATA
57305,SABALLO,PUERTO PLATA
57401,MARMOLESJOS,PUERTO PLATA
57402,UNIJICA,PUERTO PLATA
57501,CAMBIASO,PUERTO PLATA
57502,EL HIGO,PUERTO PLATA
57503,EL ESTRECHO,PUERTO PLATA
57504,LA SABANA,PUERTO PLATA
57505,LOS BELLOSOS,PUERTO PLATA
57506,RANCHITO DE LOS VARGAS,PUERTO PLATA
57601,MADRE VIEJA,PUERTO PLATA
57602,SABANETA DE CANGREJO,PUERTO PLATA
57603,SABANETA DE YASICA,PUERTO PLATA
57604,CABARETE,PUERTO PLATA
57701,GUALETE,PUERTO PLATA
57702,LA JAIBA,PUERTO PLATA
57703,LAS GUARANAS,PUERTO PLATA
57801,BOCA NUEVA,PUERTO PLATA
57802,CANGREJO,PUERTO PLATA
57803,CARABALLO,PUERTO PLATA
57804,LOS CIRUELOS,PUERTO PLATA
57805,MOZAVI,PUERTO PLATA
57901,LOS PINOS,SANTO DOMINGO
57902,RANCHO MANUEL,PUERTO PLATA
57101,CANDELON,PUERTO PLATA
57102,LAS ISABELA,PUERTO PLATA
